{"cameraMode":{"drawMode":0,"name":"Shaded","section":"Shading Mode"},"sceneLighting":false,"audioPlay":false,"sceneViewState":{"showFog":true,"showMaterialUpdate":false,"showSkybox":true,"showFlares":true,"showImageEffects":true,"showParticleSystems":true},"in2DMode":false,"pivot":{"x":-0.9335780143737793,"y":1.0599994659423829,"z":-0.11807985603809357},"rotation":{"x":-0.009214162826538086,"y":-0.9820911288261414,"z":0.18146078288555146,"w":-0.04984098672866821},"size":2.365680694580078,"orthographic":false}