{"cameraMode":{"drawMode":0,"name":"Shaded","section":"Shading Mode"},"sceneLighting":false,"audioPlay":false,"sceneViewState":{"showFog":true,"showMaterialUpdate":true,"showSkybox":true,"showFlares":true,"showImageEffects":true,"showParticleSystems":true},"in2DMode":false,"pivot":{"x":5.000150680541992,"y":-1.4999008178710938,"z":5.0},"rotation":{"x":-0.29663366079330447,"y":0.11789810657501221,"z":-0.037153951823711398,"w":-0.9469572305679321},"size":36.48749923706055,"orthographic":false}