{"cameraMode":{"drawMode":0,"name":"Shaded","section":"Shading Mode"},"sceneLighting":true,"audioPlay":false,"sceneViewState":{"showFog":false,"showMaterialUpdate":true,"showSkybox":true,"showFlares":false,"showImageEffects":true,"showParticleSystems":false},"in2DMode":false,"pivot":{"x":-14.487707138061524,"y":-13.767059326171875,"z":29.86629867553711},"rotation":{"x":0.06325745582580567,"y":-0.6545835733413696,"z":0.05511529743671417,"w":0.7513196468353272},"size":40.04804229736328,"orthographic":false}