{"cameraMode":{"drawMode":0,"name":"Shaded","section":"Shading Mode"},"sceneLighting":false,"audioPlay":false,"sceneViewState":{"showFog":true,"showMaterialUpdate":false,"showSkybox":true,"showFlares":true,"showImageEffects":true,"showParticleSystems":true},"in2DMode":false,"pivot":{"x":0.13989591598510743,"y":7.438838958740234,"z":-4.367807865142822},"rotation":{"x":-0.24053291976451875,"y":-0.05471523106098175,"z":0.013577849604189396,"w":-0.9690025448799133},"size":22.0,"orthographic":false}