{"cameraMode":{"drawMode":0,"name":"Shaded","section":"Shading Mode"},"sceneLighting":true,"audioPlay":false,"sceneViewState":{"showFog":false,"showMaterialUpdate":true,"showSkybox":true,"showFlares":false,"showImageEffects":true,"showParticleSystems":false},"in2DMode":false,"pivot":{"x":2.3349857330322267,"y":-11.100143432617188,"z":18.267841339111329},"rotation":{"x":-0.22570116817951203,"y":0.014906853437423706,"z":-0.0035854801535606386,"w":-0.974075973033905},"size":20.76012420654297,"orthographic":false}